,0
0,https://images.pexels.com/photos/1386604/pexels-photo-1386604.jpeg?auto=compress&cs=tinysrgb&h=750&w=1260
1,https://images.pexels.com/photos/1372134/pexels-photo-1372134.jpeg?auto=compress&cs=tinysrgb&h=750&w=1260
2,https://images.pexels.com/photos/1321909/pexels-photo-1321909.jpeg?auto=compress&cs=tinysrgb&h=750&w=1260
3,https://images.pexels.com/photos/1111304/pexels-photo-1111304.jpeg?auto=compress&cs=tinysrgb&h=750&w=1260
4,https://images.pexels.com/photos/157015/pexels-photo-157015.jpeg?auto=compress&cs=tinysrgb&h=750&w=1260
5,https://images.pexels.com/photos/1073567/pexels-photo-1073567.jpeg?auto=compress&cs=tinysrgb&h=750&w=1260
6,https://images.pexels.com/photos/1386603/pexels-photo-1386603.jpeg?auto=compress&cs=tinysrgb&h=750&w=1260
7,https://images.pexels.com/photos/262173/pexels-photo-262173.jpeg?auto=compress&cs=tinysrgb&h=750&w=1260
8,https://images.pexels.com/photos/1319911/pexels-photo-1319911.jpeg?auto=compress&cs=tinysrgb&h=750&w=1260
9,https://images.pexels.com/photos/1391498/pexels-photo-1391498.jpeg?auto=compress&cs=tinysrgb&h=750&w=1260
10,https://images.pexels.com/photos/1006073/pexels-photo-1006073.jpeg?auto=compress&cs=tinysrgb&h=750&w=1260
11,https://images.pexels.com/photos/1082962/pexels-photo-1082962.jpeg?auto=compress&cs=tinysrgb&h=750&w=1260
12,https://images.pexels.com/photos/1386602/pexels-photo-1386602.jpeg?auto=compress&cs=tinysrgb&h=750&w=1260
13,https://images.pexels.com/photos/1128061/pexels-photo-1128061.jpeg?auto=compress&cs=tinysrgb&h=750&w=1260
14,https://images.pexels.com/photos/1436205/pexels-photo-1436205.jpeg?auto=compress&cs=tinysrgb&h=750&w=1260
15,https://images.pexels.com/photos/1468379/pexels-photo-1468379.jpeg?auto=compress&cs=tinysrgb&h=750&w=1260
16,https://images.pexels.com/photos/1526814/pexels-photo-1526814.jpeg?auto=compress&cs=tinysrgb&h=750&w=1260
17,https://images.pexels.com/photos/1322128/pexels-photo-1322128.jpeg?auto=compress&cs=tinysrgb&h=750&w=1260
18,https://images.pexels.com/photos/371311/pexels-photo-371311.jpeg?auto=compress&cs=tinysrgb&h=750&w=1260
19,https://images.pexels.com/photos/1382734/pexels-photo-1382734.jpeg?auto=compress&cs=tinysrgb&h=750&w=1260
20,https://images.pexels.com/photos/1082964/pexels-photo-1082964.jpeg?auto=compress&cs=tinysrgb&h=750&w=1260
21,https://images.pexels.com/photos/1066116/pexels-photo-1066116.jpeg?auto=compress&cs=tinysrgb&h=750&w=1260
22,https://images.pexels.com/photos/1308881/pexels-photo-1308881.jpeg?auto=compress&cs=tinysrgb&h=750&w=1260
23,https://images.pexels.com/photos/1382731/pexels-photo-1382731.jpeg?auto=compress&cs=tinysrgb&h=750&w=1260
24,https://images.pexels.com/photos/532556/pexels-photo-532556.jpeg?auto=compress&cs=tinysrgb&h=750&w=1260
25,https://images.pexels.com/photos/1391499/pexels-photo-1391499.jpeg?auto=compress&cs=tinysrgb&h=750&w=1260
26,https://images.pexels.com/photos/235534/pexels-photo-235534.jpeg?auto=compress&cs=tinysrgb&h=750&w=1260
27,https://images.pexels.com/photos/1386599/pexels-photo-1386599.jpeg?auto=compress&cs=tinysrgb&h=750&w=1260
28,https://images.pexels.com/photos/1382732/pexels-photo-1382732.jpeg?auto=compress&cs=tinysrgb&h=750&w=1260
29,https://images.pexels.com/photos/1116380/pexels-photo-1116380.jpeg?auto=compress&cs=tinysrgb&h=750&w=1260
